{
    "Athletics": 26.0,
    "Football": 24.567251461988302,
    "Swimming": 22.6891495601173
}